时间,状态,源活动actId,平台新建的团newActId,商品名,goodsIds
2026-10-02 10:11:52,ok,2607220213004668,2607222392934570,3斤中果12个云南自然熟粉果沙瓤西红柿,291473936/291474284/291474416
2026-10-02 10:12:48,ok,2609160152378521,2609162218078041,万事不南羊毛绒纱银丝开衫,301653996
2026-10-02 10:18:52,ok,2609170180269688,2609171882245376,临期特价99元2件27年89月到期chillmore四季香氛身体乳,290597961
2026-10-02 10:24:52,ok,2609150179017542,2609152514682221,9双装西松屋同款早秋儿童袜,301383312
2026-10-02 10:30:52,ok,2609170335095147,2609171882432653,罗蒙男士亨利领假俩件毛衣,301925826
2026-10-02 10:36:53,ok,2609230365622844,2609231817876704,6双细条纹复古中筒袜,303060832
2026-10-02 10:42:54,ok,2609160124929319,2609162218694771,欧迪芬家居服货号3883,301632264/301632265/301632266/301632267/301632268
2026-10-02 10:48:59,ok,2609140534145344,2609142366504197,当季最热亨利领克什米尔皇后羊绒上衣打底衫,301254917/301765234
2026-10-02 10:55:06,ok,2609160666364356,2609162218825705,女款YORGOU远港防水皮纹eva情侣棉拖鞋,301769485/301769486
2026-10-02 11:01:08,ok,2609100059076153,2609102315742342,本团福利原价89套儿童索菲文莱卡纯棉衣秋裤套装,300356700
2026-10-02 11:07:07,ok,2609240090644613,2609241722026629,正品清仓猫人儿童羊毛蚕丝保暖套装,303140218
2026-10-02 11:13:09,ok,2609170043256814,2609171883235942,vonshome情侣款双层绵羊毛马甲,301812101
2026-10-02 11:19:11,ok,2609140172126877,2609142367276285,SRPINGWAVE定制新中式香云纱双面穿外套,301134163
2026-10-02 11:25:17,ok,2609140180322576,2609142367367520,邪修显瘦空气弹香蕉裤,301136616
2026-10-02 11:31:22,ok,2609220270207015,2609221838042885,女款芬腾可安初秋纯棉情侣款开衫睡衣套装,302802650/302802651
2026-10-02 11:37:25,ok,2609170040931927,2609171883864550,JEHURFIE纪华菲优雅云步超软糯舒适百搭一脚蹬单鞋AB26261,301811426/301811427/301811428
2026-10-02 11:43:26,ok,2609240045972701,2609241723969783,早秋新款JN江南NEWVOGUE抽象小猫圆领长袖001,303123110/303123111/303123112
2026-10-02 11:49:29,ok,2609240001829957,2609241724344451,Royal婴驼云朵开衫,300411052/300412712
2026-10-02 11:55:38,ok,2609170067449984,2609171884182178,Pansy盼喜新款拼色平底休闲女鞋HD4272,301827113/301827114/301827115/301827118/301827119
2026-10-02 12:01:41,ok,2609240087567792,2609241724897902,5双小奶熊中筒袜巨巨巨巨可爱甜甜的少女气息,303139796
2026-10-02 12:07:46,ok,2609220294309201,2609221838813398,真皮厚底小白鞋女新款5cm增高轻便休闲鞋BTSP1809,302809407
2026-10-02 12:13:53,ok,2609170038465990,2609171884479152,礼挚V领套头羊绒拉毛针织衫K2ZPFS6532,301809692/301809693/301809694/301809695
2026-10-02 12:19:51,ok,2609230044666627,2609231821291373,礼挚香云纱桑蚕丝波点圆领衬衫外套MDDZCS26900,302940852
2026-10-02 12:25:50,ok,2609230059685963,2609231821412673,生物基抗皱SMASHADOW楔影立体剪裁花苞半身裙,302949865/302949866
2026-10-02 12:31:54,ok,2609240149251287,2609241726972776,TheRow澳洲羊毛v领毛织背心,303157732
2026-10-02 12:37:53,ok,2609160050338201,2609162220849914,现货秒杀云尚N0756长款宽松高领拉链羽绒服,301596904/301835630
2026-10-02 12:43:55,ok,2609190038184744,2609191225064591,瑞士军刀SWISSSKITIE一脚蹬健步鞋SK196,302167881
2026-10-02 12:49:58,ok,2609170065637144,2609171885513933,双鱼半高领羊毛混纺打底衫,301826484
2026-10-02 12:56:04,ok,2609270049348082,2609271124147929,植绒波点扎染打底衫,303382728
2026-10-02 13:02:04,ok,2609240151276911,2609241728112839,官方直发幻响45W氮化镓快充商旅套装,303168622/303168623/303168624/303168625/303168627
2026-10-02 13:08:07,ok,2609170250654641,2609171885815876,MARTINISPA意大利进口玛尔缇妮彩虹浴球,301669036/301669037/301669038/301669039/301669042
2026-10-02 13:14:10,ok,2609170243916007,2609171885875135,春秋不加绒款迪家原单经典款卫衣,301899512/301899513
2026-10-02 13:20:15,ok,2609240073564164,2609241728786169,日本银座Cellreva胶原蛋白干细包洁面乳300g,303136934/303136935/303136936/303136938/303136939
2026-10-02 13:26:18,ok,2609240044267872,2609241728932803,仙人掌皮兜衣帽架,303135764
2026-10-02 13:32:18,ok,2609240032976792,2609241729228431,8双蝶时舞复古撞色中筒堆堆袜,303134934
2026-10-02 13:38:23,ok,2609170215093082,2609171886151413,山姆柿椰有橙果泥西打,301903318
2026-10-02 13:44:22,ok,2609240209885883,2609241729711544,小禾双面呢长款大衣,303178765
2026-10-02 13:50:21,ok,2609170042099885,2609171886271062,A2多维高钙乳铁蛋白中老年奶粉调制乳粉800g,301831135
2026-10-02 13:56:27,ok,2609170078666124,2609171886416013,敦煌文创福灵敦煌茶杯三杯装,301851585
2026-10-02 14:02:34,ok,2609240170382590,2609241730523553,撤柜清仓1个沙宣悦己负离子吹风机,303170794
2026-10-02 14:08:40,ok,2609240068853647,2609241730745979,立顿经典红茶风味纯粹奶茶固体饮料360g20g18包,303136600
2026-10-02 14:14:44,ok,2609170160049037,2609171886606523,非遗香云纱圆领短外套桑蚕丝软黄金,301883987
2026-10-02 14:20:44,ok,2609240139925418,2609241731091855,六件套香香梧舍大吉大利香炉,303170496
2026-10-02 14:26:43,ok,2609240046247616,2609241731305788,4件套OPPEIN欧派黑金抗菌套刀四件套礼盒,303125277
2026-10-02 14:32:41,ok,2609170197421498,2609171886813398,1支安耐晒美白管90g面部专用,301884961
2026-10-02 14:38:44,ok,2609170119602912,2609171886877645,hellokitty暖暖绒双面绣花马甲100160码,301820722
2026-10-02 14:44:48,ok,2609170117283743,2609171886978690,收腰版条纹衬衫JYB26C1538,301090741/301090742/301090743
2026-10-02 14:50:51,ok,2609240006054726,2609241732226471,乐扣乐扣电动搅拌杯,302742457
2026-10-02 14:56:58,ok,2609240080137023,2609241732525981,凯L石圆领立裁印花长袖T恤,303047198
2026-10-02 15:02:57,ok,2609240070799200,2609241732667477,100150CM复古碎花泡芙绒盖毯,303134156/303134157/303134158
2026-10-02 15:08:56,ok,2609170110325694,2609171887367720,最高品质MIU系高智V字撞色翻领套头针织衫,301656996
2026-10-02 15:14:55,ok,2609170027174424,2609171887407865,淡水珍珠三圈手链,301798424
2026-10-02 15:20:59,ok,2609240037551634,2609241733359671,软乎乎睡衣三件套晚风私语三件套圆领开衫长袖上衣阔腿长裤,303112520
2026-10-02 15:26:59,ok,2609170524564628,2609171887569608,LU四格马甲,301841655
2026-10-02 15:33:06,ok,2610010045013431,2610010327697331,马卡龙300g双面摇粒绒外套奶黄色,303947473/303947474
2026-10-02 15:39:09,ok,2609170477782160,2609171887808102,拉夫羊羔小马甲,301683881
2026-10-02 15:45:13,ok,2609170130676068,2609171887901771,送玩偶挂件甜妹Kitty蝴蝶结套装120170码,301670146
2026-10-02 15:51:13,ok,2609170030063224,2609171887975260,老钱风亚麻肌理拼接果冻bra9991,301799425
2026-10-02 15:57:13,ok,2610010047045831,2610010330641017,MADNONO巨厚暖搭子家居服套装,303951831
2026-10-02 16:03:15,ok,2609170483589328,2609171888235467,7414智能感应垃圾桶,301860380
2026-10-02 16:09:13,ok,2609240085556000,2609241735472891,WHM领口抽褶夹克衬衫,303133736
2026-10-02 16:15:15,ok,2609240073321105,2609241735738796,MC棉羊绒条纹衫,303131917
2026-10-02 16:21:23,ok,2609170039657564,2609171888633233,Row浅口摔纹芭蕾鞋34天发出,299370794
2026-10-02 16:27:24,ok,2610010043862528,2610010333936670,轻松拿捏韩系女童OOTD青提葡萄拼色运动套装120170码,303758838
2026-10-02 16:33:29,ok,2610010017924182,2610010334484088,盲盒福袋一组四件,304112726
2026-10-02 16:39:29,ok,2609240187977579,2609241736784150,塞尔兰斯超薄睡眠蓝牙耳机,302773748
2026-10-02 16:45:29,ok,2609240090047698,2609241737103582,日系简约中长外套,303133407
2026-10-02 16:51:31,ok,2609240071694914,2609241737284092,吉他玫瑰复古长袖T,303133798
2026-10-02 16:57:31,ok,2609240033444518,2609241737493831,2336美式大地色工装套装,303112086
2026-10-02 17:03:37,ok,2609240008165469,2609241737712457,阿迪秋冬羽绒马甲,303106898
2026-10-02 17:09:37,ok,2609170465742924,2609171889313396,小本士littleben功能性三防冲锋衣,301898222
2026-10-02 17:15:36,ok,2610010046339900,2610010339745577,千金感毛毛外套,303761618
2026-10-02 17:21:43,ok,2610010045796199,2610010340237441,daniu珐琅滴釉不对称耳钉,303795391
2026-10-02 17:27:50,ok,2609240009519028,2609241738607326,秋日信笺温莎千金风衣,303107065
2026-10-02 17:33:52,ok,2609240193021120,2609241738693439,匹鲁亲子蓬蓬面包被Pro,302314769
2026-10-02 17:39:57,ok,2609240087193866,2609241738947418,中古风多色横条套头衫,303133715
2026-10-02 17:45:58,ok,2609240053404675,2609241739106133,黑粉甜酷Kitty少女蝴蝶结套装120170码,303120655
2026-10-02 17:51:58,ok,2609240035066915,2609241739269409,人气口碑好货华夫格肌理撞色明线设计男士亲肤透气速干半拉链T恤26066,303112157
2026-10-02 17:57:58,ok,2609240007039751,2609241739517319,Envirosax收纳袋化妆包内胆包洗漱袋一组2个,302744781/302744782
2026-10-02 18:04:01,ok,2609170470086749,2609171889862284,小本士littleben新疆棉半拉链卫衣,301897974
2026-10-02 18:10:00,ok,2609170128265121,2609171889954979,一件5件三色软壳三合一冲锋衣外套120170码,301812080
2026-10-02 18:15:59,ok,2609160361177810,2609162224884415,Polo领莱赛尔打底衫,301718177
2026-10-02 18:22:06,ok,2609170010398219,2609171890201824,Jeep插肩拼色打底衫D361NT3667新,299111133/299111134/299111135/299111136/299111137
