判定依据,名称相似度,价格组合,规格数,A团长,A商品名,A全部规格,B团长,B商品名,B全部规格
商品名同款,1.0,29.9/32.9,2,🌷小野院子,火灵鸟玫瑰10支+花手鞠绣球1支+绿心向日葵5支（中通）,火灵鸟玫瑰10支花手鞠绣球1支绿心向日葵5支中通 | 火灵鸟玫瑰10支花手鞠绣球1支绿心向日葵5支顺丰,🌟益能云天🌟,火灵鸟玫瑰10支+花手鞠绣球1支+绿心向日葵5支（顺丰）,火灵鸟玫瑰10支花手鞠绣球1支绿心向日葵5支顺丰 | 火灵鸟玫瑰10支花手鞠绣球1支绿心向日葵5支中通
商品名同款,1.0,199.0/298.0/298.0/298.0,4,亮总的小伙伴,CH@UMET 爱·巢系列菱面镶钻耳钉,CHUMET爱巢系列菱面镶钻耳钉 | CHUMET爱巢系列间钻项链 | 爱巢戒指 | 爱巢耳圈,🌟亮总亲选🌟,CH@UMET 爱·巢系列间钻项链,CHUMET爱巢系列间钻项链 | CHUMET爱巢系列菱面镶钻耳钉 | 爱巢戒指 | 爱巢耳圈
商品名同款,1.0,31.9/31.9/39.9/42.9,4,周放心跟团,圣牧源选手作杨枝甘露牛奶吐司210g*2袋,圣牧源选手作杨枝甘露牛奶吐司210g2袋 | 圣牧源选巧克力牛奶吐司210g2袋 | 圣牧源选手作厚切牛奶吐司面包320g2袋 | 圣牧源选手作南瓜老面包510g2袋,Eleven,圣牧源选手作厚切牛奶吐司面包320g*2袋,圣牧源选手作厚切牛奶吐司面包320g2袋 | 圣牧源选巧克力牛奶吐司210g2袋 | 圣牧源选手作杨枝甘露牛奶吐司210g2袋 | 圣牧源选手作南瓜老面包510g2袋
商品名同款,1.0,31.9/31.9/39.9/42.9,4,周放心跟团,圣牧源选手作杨枝甘露牛奶吐司210g*2袋,圣牧源选手作杨枝甘露牛奶吐司210g2袋 | 圣牧源选巧克力牛奶吐司210g2袋 | 圣牧源选手作厚切牛奶吐司面包320g2袋 | 圣牧源选手作南瓜老面包510g2袋,👑寧爺爱喝酒🍻,圣牧源选手作厚切牛奶吐司面包320g*2袋,圣牧源选手作厚切牛奶吐司面包320g2袋 | 圣牧源选巧克力牛奶吐司210g2袋 | 圣牧源选手作杨枝甘露牛奶吐司210g2袋 | 圣牧源选手作南瓜老面包510g2袋
商品名同款,0.987,0.1/99.0,2,南京有团优品⭐,【仅限换购】0.1换购1个焖烧杯/炖盅,仅限换购01换购1个焖烧杯炖盅 | 送20小袋银耳伴侣到手4罐一朵燕古田特极品有机本草银耳,👑寧爺爱喝酒🍻,送20小袋银耳伴侣【到手4罐】一朵燕古田特极品有机本草银耳,送20小袋银耳伴侣到手4罐一朵燕古田特极品有机本草银耳 | 仅限换购001换购1个焖烧杯炖盅
商品名同款,0.987,0.1/99.0,2,南京有团优品⭐,【仅限换购】0.1换购1个焖烧杯/炖盅,仅限换购01换购1个焖烧杯炖盅 | 送20小袋银耳伴侣到手4罐一朵燕古田特极品有机本草银耳,汤团,送20小袋银耳伴侣【到手4罐】一朵燕古田特极品有机本草银耳,送20小袋银耳伴侣到手4罐一朵燕古田特极品有机本草银耳 | 仅限换购001换购1个焖烧杯炖盅
商品名同款,0.963,39.9/39.9,2,🌷小野院子,莱卡双层单马甲MM6475,莱卡双层单马甲MM6475 | MM6474莱卡双层单马甲MM6474,文子,莱卡双层单马甲【MM6474】,莱卡双层单马甲MM6474 | 莱卡双层单马甲MM6475
商品名同款,0.944,79.0/89.0,2,狂奔的小绵羊💨💨💨,活动价‼️“随性极简” 设计‼️抽腰成褶·高级灰西装裤,活动价随性极简设计抽腰成褶高级灰西装裤 | 随性极简设计抽腰成褶高级灰西装裤,🌷小野院子,活动价‼️抽腰成褶·高级灰西装裤-,活动价抽腰成褶高级灰西装裤 | 随性极简设计抽腰成褶高级灰西装裤
商品名同款,0.941,59.0,1,憨棉匠品牌方,女砂洗棉柔纯棉套装,女砂洗棉柔纯棉套装,憨棉匠品牌方,男砂洗棉柔纯棉套装,男砂洗棉柔纯棉套装 | 女砂洗棉柔纯棉套装
商品名同款,0.933,29.9/35.9/47.9/55.9,4,周放心跟团,【5斤中果】云南昭通丑苹果,5斤中果云南昭通丑苹果 | 5斤特大果云南昭通丑苹果 | 9斤中果云南昭通丑苹果 | 9斤特大果云南昭通丑苹果,南风·园艺三农生活美学,【3斤大果】云南昭通丑苹果,3斤大果云南昭通丑苹果 | 5斤中果云南昭通丑苹果 | 5斤大果云南昭通丑苹果 | 5斤特大果云南昭通丑苹果 | 9斤中果云南昭通丑苹果
商品名同款,0.889,59.9/69.9/88.0/118.0/138.0,5,*泡妈,有机秋月梨3.5-4斤4/6粒家庭装,有机秋月梨354斤46粒家庭装 | 有机秋月梨445斤45粒家庭装 | 有机秋月梨4548斤6粒爱马仕礼盒 | 有机秋月梨687斤9粒蓝色礼盒 | 有机秋月梨687斤6粒果王蓝色礼盒,露西Grocery,花皮特惠❗有机秋月梨4.5-5斤5粒家庭装,花皮特惠有机秋月梨455斤5粒家庭装 | 有机秋月梨354斤46粒家庭装 | 有机秋月梨445斤45粒家庭装 | 有机秋月梨4548斤6粒爱马仕礼盒 | 有机秋月梨687斤9粒蓝色礼盒
商品名同款,0.889,59.9/69.9/88.0/118.0/138.0,5,抬头见喜,有机秋月梨3.5-4斤4/6粒家庭装,有机秋月梨354斤46粒家庭装 | 有机秋月梨445斤45粒家庭装 | 有机秋月梨4548斤6粒爱马仕礼盒 | 有机秋月梨687斤9粒蓝色礼盒 | 有机秋月梨687斤6粒果王蓝色礼盒,露西Grocery,花皮特惠❗有机秋月梨4.5-5斤5粒家庭装,花皮特惠有机秋月梨455斤5粒家庭装 | 有机秋月梨354斤46粒家庭装 | 有机秋月梨445斤45粒家庭装 | 有机秋月梨4548斤6粒爱马仕礼盒 | 有机秋月梨687斤9粒蓝色礼盒
商品名同款,0.874,12.9/49.0/59.0/59.0/59.0,5,胖总家,经典款肩带❗单拍不发,经典款肩带单拍不发 | BC豹纹字母kitty刺绣袋 | BC卡其豹纹蝴蝶结重工刺绣袋 | BC印花字母凯蒂猫刺绣袋 | BC粉色波点爱心KT刺绣袋,亮总的小伙伴,BC卡其豹纹蝴蝶结重工刺绣袋,BC卡其豹纹蝴蝶结重工刺绣袋 | BC豹纹字母kitty刺绣袋 | BC印花字母凯蒂猫刺绣袋 | BC粉色波点爱心KT刺绣袋 | BC黑波点KT刺绣袋
商品名同款,0.857,199.0/199.0/199.0/199.0/299.0,5,🌟亮总亲选🌟,老钱棕方糖珍珠手链,老钱棕方糖珍珠手链 | 老钱棕满天星珍珠手链 | 老钱棕基础手链系列 | 老钱棕基础项链系列 | 老钱棕流光岁月项链,亮总的小伙伴,老钱棕满天星珍珠手链,老钱棕满天星珍珠手链 | 老钱棕基础手链系列 | 老钱棕基础项链系列 | 老钱棕流光岁月项链 | 老钱棕色系列耳钉
商品名同款,0.8,179.0/179.0/189.0/189.0/189.0,5,骄傲服饰,Pansy盼喜轻便舒适休闲女鞋HD4332,Pansy盼喜轻便舒适休闲女鞋HD4332 | Pansy盼喜秋季软底休闲女鞋HD4286 | Pansy盼喜轻便舒适网面平不累脚单鞋女鞋HD4321 | Pansy盼喜新款拼色平底休闲女鞋HD4272 | Pansy盼喜轻便休闲舒适单鞋女鞋HD4346,Eleven,Pansy盼喜轻便休闲舒适单鞋女鞋HD4346,Pansy盼喜轻便休闲舒适单鞋女鞋HD4346 | Pansy盼喜新款拼色平底休闲女鞋HD4272 | Pansy盼喜轻便舒适网面平不累脚单鞋女鞋HD4321 | Pansy盼喜楦厚底轻便休闲女鞋HD4260 | Pansy盼喜毛呢面一脚蹬休闲女鞋HD4186
商品名同款,0.786,698.0,1,大明明供应链,Cha*nel羽毛印花围巾,Chanel羽毛印花围巾,亮总的小伙伴,香*奈儿电影感围巾,香奈儿电影感围巾 | Chanel羽毛印花围巾
商品名同款,0.786,698.0,1,大明明供应链,Cha*nel羽毛印花围巾,Chanel羽毛印花围巾,🌟亮总亲选🌟,香*奈儿电影感围巾,香奈儿电影感围巾 | Chanel羽毛印花围巾
商品名同款,0.75,49.9/58.0,2,小酒,小本士 little ben260克双纱新疆棉,小本士littleben260克双纱新疆棉 | 小本士littleben拉链75棉登山裤,周放心跟团,M260911正品小本士little ben拉链75%棉登山裤,M260911正品小本士littleben拉链75棉登山裤
商品名同款,0.588,78.0/108.0/138.0,3,宝岛品牌团/超高利润团,vicaring 槲皮素⭕66,vicaring槲皮素66 | vicaring槲皮素81 | vicaring槲皮素99,南京有团优品⭐,示例商品-请自行修改,示例商品请自行修改 | vicaring槲皮素 | vicaring槲皮素
商品名同款,0.489,0.1/29.9,2,绿头像爱吃肉肉,上新福利❗️0.1换购2包kinbata管道疏通粉55g*2包,上新福利01换购2包kinbata管道疏通粉55g2包 | 2瓶kinbata管道疏通剂1000ml瓶,🌟益能云天🌟,kinbata管道疏通剂,kinbata管道疏通剂
商品名同款,0.471,199.0,1,YS供应链服饰&美妆（恩莎）,卡蛙阳光折叠干衣机,卡蛙阳光折叠干衣机,💎7妹~ 2️⃣号仓,🔺私域独享价❗卡蛙MINI烘衣宝 KW-GY23,私域独享价卡蛙MINI烘衣宝KWGY23 | 卡蛙阳光折叠干衣机
商品名同款,0.415,698.0,1,大明明供应链,Cha*nel羽毛印花围巾,Chanel羽毛印花围巾,大明明供应链,香*奈儿电影感围巾,香奈儿电影感围巾 | Chanel羽毛印花围巾 | 爱玛仕都市生活羊绒真丝围巾 | LV克什米尔高原羊绒围巾 | LV蕾丝花纹羊绒围巾
多规格价格指纹,0.862,29.9/29.9,2,小酒,【女士多巴胺色系-10双盒装】西班牙LUIS VECENT芦荟精油袜,女士多巴胺色系10双盒装西班牙LUISVECENT芦荟精油袜 | 男女经典黑白色10双盒装西班牙LUISVECENT芦荟精油袜,椰小服🥥,【女士多巴胺色】西班牙LUIS VECENT芦荟精油袜,女士多巴胺色西班牙LUISVECENT芦荟精油袜 | 男女经典黑白色西班牙LUISVECENT芦荟精油袜
多规格价格指纹,0.815,89.0/99.0,2,椰小服🥥,【小童高腰版】英氏10A抑菌100%棉超柔透气纯色内衣套装,小童高腰版英氏10A抑菌100棉超柔透气纯色内衣套装 | 中大童常规版英氏10A抑菌100棉超柔透气纯色内衣套装,骄傲服饰,【小童阶段】英氏10A抑菌100%棉超柔透气纯色内衣套装,小童阶段英氏10A抑菌100棉超柔透气纯色内衣套装 | 中大童阶段英氏10A抑菌100棉超柔透气纯色内衣套装
多规格价格指纹,0.815,89.0/99.0,2,KL靠脸吃饭🌊全品供应,【小童高腰版】英氏10A抑菌100%棉超柔透气纯色内衣套装,小童高腰版英氏10A抑菌100棉超柔透气纯色内衣套装 | 中大童常规版英氏10A抑菌100棉超柔透气纯色内衣套装,骄傲服饰,【小童阶段】英氏10A抑菌100%棉超柔透气纯色内衣套装,小童阶段英氏10A抑菌100棉超柔透气纯色内衣套装 | 中大童阶段英氏10A抑菌100棉超柔透气纯色内衣套装
多规格价格指纹,0.815,89.0/99.0,2,骄傲服饰,【小童阶段】英氏10A抑菌100%棉超柔透气纯色内衣套装,小童阶段英氏10A抑菌100棉超柔透气纯色内衣套装 | 中大童阶段英氏10A抑菌100棉超柔透气纯色内衣套装,狂奔的小绵羊💨💨💨,【小童高腰版】英氏10A抑菌100%棉超柔透气纯色内衣套装,小童高腰版英氏10A抑菌100棉超柔透气纯色内衣套装 | 中大童常规版英氏10A抑菌100棉超柔透气纯色内衣套装
多规格价格指纹,0.812,39.9/49.9/59.9,3,骄傲美食,【4.5斤装】奶油芭乐,45斤装奶油芭乐 | 45斤装草莓芭乐 | 双拼5斤草莓芭乐2斤奶油芭乐3斤,花儿供应链,奶油芭乐4.5斤装,奶油芭乐45斤装 | 草莓芭乐2斤奶油芭乐3斤 | 草莓芭乐45斤
多规格价格指纹,0.698,19.9/29.9/39.9/49.9,4,绿头像爱吃肉肉,【体验秒杀】丹东奇异莓猕猴桃1斤中果,体验秒杀丹东奇异莓猕猴桃1斤中果 | 丹东奇异莓猕猴桃2斤中果 | 丹东奇异莓猕猴桃3斤大果 | 丹东奇异莓猕猴桃3斤大果礼盒,抬头见喜,软枣猕猴桃1斤（试吃秒杀）,软枣猕猴桃1斤试吃秒杀 | 软枣猕猴桃2斤中果 | 软枣猕猴桃3斤大果 | 软枣猕猴桃3斤大果礼盒
多规格价格指纹,0.688,39.9/49.9/59.9,3,🌟益能云天🌟,【3斤奶油芭乐➕2斤草莓芭乐】草莓/奶油芭乐,3斤奶油芭乐2斤草莓芭乐草莓奶油芭乐 | 5斤装大果奶油芭乐 | 5斤装大果草莓芭乐,花儿供应链,奶油芭乐4.5斤装,奶油芭乐45斤装 | 草莓芭乐2斤奶油芭乐3斤 | 草莓芭乐45斤
多规格价格指纹,0.667,89.0/99.0,2,椰小服🥥,【小童高腰版】英氏10A抑菌100%棉超柔透气纯色内衣套装,小童高腰版英氏10A抑菌100棉超柔透气纯色内衣套装 | 中大童常规版英氏10A抑菌100棉超柔透气纯色内衣套装,新物商店,【小童高腰版上衣+裤子】英氏10A抑菌100%棉家居服套装,小童高腰版上衣裤子英氏10A抑菌100棉家居服套装 | 中大童常规版上衣裤子英氏10A抑菌100棉家居服套装
多规格价格指纹,0.667,89.0/99.0,2,KL靠脸吃饭🌊全品供应,【小童高腰版】英氏10A抑菌100%棉超柔透气纯色内衣套装,小童高腰版英氏10A抑菌100棉超柔透气纯色内衣套装 | 中大童常规版英氏10A抑菌100棉超柔透气纯色内衣套装,新物商店,【小童高腰版上衣+裤子】英氏10A抑菌100%棉家居服套装,小童高腰版上衣裤子英氏10A抑菌100棉家居服套装 | 中大童常规版上衣裤子英氏10A抑菌100棉家居服套装
多规格价格指纹,0.667,89.0/99.0,2,狂奔的小绵羊💨💨💨,【小童高腰版】英氏10A抑菌100%棉超柔透气纯色内衣套装,小童高腰版英氏10A抑菌100棉超柔透气纯色内衣套装 | 中大童常规版英氏10A抑菌100棉超柔透气纯色内衣套装,新物商店,【小童高腰版上衣+裤子】英氏10A抑菌100%棉家居服套装,小童高腰版上衣裤子英氏10A抑菌100棉家居服套装 | 中大童常规版上衣裤子英氏10A抑菌100棉家居服套装
多规格价格指纹,0.667,36.8/36.8,2,宝岛品牌团/超高利润团,【女款】朴西·奶黄团厚底情侣棉拖鞋,女款朴西奶黄团厚底情侣棉拖鞋 | 男款朴西奶黄团厚底情侣棉拖鞋,*泡妈,【男款】【新品首发】朴西·奶黄团厚底情侣棉拖鞋HTL4268,男款新品首发朴西奶黄团厚底情侣棉拖鞋HTL4268 | 女款新品首发朴西奶黄团厚底情侣棉拖鞋HTL4268
多规格价格指纹,0.667,39.9/49.9/59.9,3,🌟益能云天🌟,【3斤奶油芭乐➕2斤草莓芭乐】草莓/奶油芭乐,3斤奶油芭乐2斤草莓芭乐草莓奶油芭乐 | 5斤装大果奶油芭乐 | 5斤装大果草莓芭乐,骄傲美食,【4.5斤装】奶油芭乐,45斤装奶油芭乐 | 45斤装草莓芭乐 | 双拼5斤草莓芭乐2斤奶油芭乐3斤
多规格价格指纹,0.52,129.0/139.0/149.0,3,.孟孟,NOUSAKU 深睡睡衣套装男款,NOUSAKU深睡睡衣套装男款 | NOUSAKU深睡睡衣套装女款 | NOUSAKU深睡睡衣套装儿童款,"""斗不斗®""",【26秋冬-女款】NOUSAKU无感深睡睡衣长款LK-369,26秋冬女款NOUSAKU无感深睡睡衣长款LK369 | 26秋冬男款NOUSAKU无感深睡睡衣LK369 | 26秋冬儿童款NOUSAKU无感深睡睡衣长款LK369
多规格价格指纹,0.491,89.0/99.0,2,骄傲服饰,【小童阶段】英氏10A抑菌100%棉超柔透气纯色内衣套装,小童阶段英氏10A抑菌100棉超柔透气纯色内衣套装 | 中大童阶段英氏10A抑菌100棉超柔透气纯色内衣套装,新物商店,【小童高腰版上衣+裤子】英氏10A抑菌100%棉家居服套装,小童高腰版上衣裤子英氏10A抑菌100棉家居服套装 | 中大童常规版上衣裤子英氏10A抑菌100棉家居服套装
间接(链式合并),0.844,79.0,1,Eleven,超级秒杀‼️抽腰成褶·高级灰西装裤-JYB26Q1756,超级秒杀抽腰成褶高级灰西装裤JYB26Q1756,胖总家,活动价‼️抽腰成褶·高级灰西装裤-JYB26Q1756,活动价抽腰成褶高级灰西装裤JYB26Q1756
间接(链式合并),0.812,69.0,1,狂奔的小绵羊💨💨💨,法式民族风刺绣印花裸感长袖T恤,法式民族风刺绣印花裸感长袖T恤,🌟益能云天🌟,J5837法式民族风刺绣印花裸感长袖T,J5837法式民族风刺绣印花裸感长袖T
间接(链式合并),0.812,69.0,1,狂奔的小绵羊💨💨💨,法式民族风刺绣印花裸感长袖T恤,法式民族风刺绣印花裸感长袖T恤,加强Styling,J5837法式民族风刺绣印花裸感长袖T,J5837法式民族风刺绣印花裸感长袖T
间接(链式合并),0.684,49.9,1,花儿供应链,【2瓶】伯纳乌白池花籽焕亮护发精油,2瓶伯纳乌白池花籽焕亮护发精油,YS供应链服饰&美妆（恩莎）,预售28号发货❗️1瓶装伯纳乌白池花籽焕亮护发精油,预售28号发货1瓶装伯纳乌白池花籽焕亮护发精油 | 预售28号发货2瓶装伯纳乌白池花籽焕亮护发精油
间接(链式合并),0.55,79.0/89.0,2,狂奔的小绵羊💨💨💨,活动价‼️“随性极简” 设计‼️抽腰成褶·高级灰西装裤,活动价随性极简设计抽腰成褶高级灰西装裤 | 随性极简设计抽腰成褶高级灰西装裤,胖总家,活动价‼️抽腰成褶·高级灰西装裤-JYB26Q1756,活动价抽腰成褶高级灰西装裤JYB26Q1756
间接(链式合并),0.486,79.0/89.0,2,狂奔的小绵羊💨💨💨,活动价‼️“随性极简” 设计‼️抽腰成褶·高级灰西装裤,活动价随性极简设计抽腰成褶高级灰西装裤 | 随性极简设计抽腰成褶高级灰西装裤,文子,抽腰成褶·高级灰西装裤-JYB26Q1756,抽腰成褶高级灰西装裤JYB26Q1756
间接(链式合并),0.486,79.0/99.0,2,🌷小野院子,活动价‼️抽腰成褶·高级灰西装裤-,活动价抽腰成褶高级灰西装裤 | 随性极简设计抽腰成褶高级灰西装裤,文子,抽腰成褶·高级灰西装裤-JYB26Q1756,抽腰成褶高级灰西装裤JYB26Q1756
间接(链式合并),0.439,79.0/89.0,2,狂奔的小绵羊💨💨💨,活动价‼️“随性极简” 设计‼️抽腰成褶·高级灰西装裤,活动价随性极简设计抽腰成褶高级灰西装裤 | 随性极简设计抽腰成褶高级灰西装裤,Eleven,超级秒杀‼️抽腰成褶·高级灰西装裤-JYB26Q1756,超级秒杀抽腰成褶高级灰西装裤JYB26Q1756
间接(链式合并),0.439,79.0/99.0,2,🌷小野院子,活动价‼️抽腰成褶·高级灰西装裤-,活动价抽腰成褶高级灰西装裤 | 随性极简设计抽腰成褶高级灰西装裤,Eleven,超级秒杀‼️抽腰成褶·高级灰西装裤-JYB26Q1756,超级秒杀抽腰成褶高级灰西装裤JYB26Q1756
间接(链式合并),0.419,9.9/108.0/188.0/338.0,4,骄傲美食,【1袋尝鲜】餐厅一块199元❗️澳洲谷饲安格斯西冷牛排,1袋尝鲜餐厅一块199元澳洲谷饲安格斯西冷牛排 | 2袋特惠餐厅一块199元澳洲谷饲安格斯西冷牛排 | 仅限换购超绝雪花澳洲M9和牛板腱牛排 | 99秒杀福利京都板前特调鲜甜烧肉汁,骄傲美食,高端日料店同款❗️澳洲和牛M9+厚切小方,高端日料店同款澳洲和牛M9厚切小方 | 99秒杀福利京都板前特调鲜甜烧肉汁 | 仅限换购薄切脂香爆炸澳洲和牛SB10精修西冷牛排 | 仅限换购薄切脂如霜降澳洲和牛SB10眼肉牛排 | 仅限换购筋香肉嫩澳洲M69和牛金钱腱薄片
间接(链式合并),0.4,59.0,1,花儿供应链,【复古条纹针织开衫】❗磨毛面料软乎乎的，贴身穿也舒服💯,复古条纹针织开衫磨毛面料软乎乎的贴身穿也舒服,桀傲品牌号（请订阅）,复古条纹针织开衫HTW4363,复古条纹针织开衫HTW4363
间接(链式合并),0.372,59.9/69.9,2,🌷小野院子,秒杀❗【复古条纹针织开衫】磨毛面料软乎乎的，贴身穿也舒服 FS-3606,秒杀复古条纹针织开衫磨毛面料软乎乎的贴身穿也舒服FS3606 | 复古条纹针织开衫磨毛面料软乎乎的贴身穿也舒服FS3606,桀傲品牌号（请订阅）,复古条纹针织开衫HTW4363,复古条纹针织开衫HTW4363
间接(链式合并),0.218,9.9/19.9/69.9/219.0/399.0,5,骄傲美食,【4斤装更划算】7090大规格❗️原盒直发❗️丹麦皇室御用🇩🇰格陵兰岛北极甜虾刺身,4斤装更划算7090大规格原盒直发丹麦皇室御用格陵兰岛北极甜虾刺身 | 2斤装尝个鲜7090大规格原盒直发丹麦皇室御用格陵兰岛北极甜虾刺身 | 仅22份纯肉无刺口感类似雪蟹肉智利银鳕鱼纯肉块 | 仅43份熬汤超鲜智利进口三文鱼鱼头整只 | 99秒杀福利京都板前特调鲜甜烧肉汁,骄傲美食,【1袋尝鲜】餐厅一块199元❗️澳洲谷饲安格斯西冷牛排,1袋尝鲜餐厅一块199元澳洲谷饲安格斯西冷牛排 | 2袋特惠餐厅一块199元澳洲谷饲安格斯西冷牛排 | 仅限换购超绝雪花澳洲M9和牛板腱牛排 | 99秒杀福利京都板前特调鲜甜烧肉汁
间接(链式合并),0.195,9.9/19.9/69.9/219.0/399.0,5,骄傲美食,【4斤装更划算】7090大规格❗️原盒直发❗️丹麦皇室御用🇩🇰格陵兰岛北极甜虾刺身,4斤装更划算7090大规格原盒直发丹麦皇室御用格陵兰岛北极甜虾刺身 | 2斤装尝个鲜7090大规格原盒直发丹麦皇室御用格陵兰岛北极甜虾刺身 | 仅22份纯肉无刺口感类似雪蟹肉智利银鳕鱼纯肉块 | 仅43份熬汤超鲜智利进口三文鱼鱼头整只 | 99秒杀福利京都板前特调鲜甜烧肉汁,骄傲美食,高端日料店同款❗️澳洲和牛M9+厚切小方,高端日料店同款澳洲和牛M9厚切小方 | 99秒杀福利京都板前特调鲜甜烧肉汁 | 仅限换购薄切脂香爆炸澳洲和牛SB10精修西冷牛排 | 仅限换购薄切脂如霜降澳洲和牛SB10眼肉牛排 | 仅限换购筋香肉嫩澳洲M69和牛金钱腱薄片
