序号,佣金(元),源actId,活动名,原开团时间,原新团actId(0佣金)
1,100.00,2609180325405674,年度迷你包黑马❗️  驴家新款Nano Carryall 法式复古月牙包  🔺专柜同步薐格老,2026-09-19 17:47:59,2609180869953880
2,82.42,2609110370232099,野享家｜新品首发·必抢款106套❗️法式蕾丝浪漫风格厚织提花四件套，绝美  英国家居品牌🇬🇧HE,2026-09-19 22:56:03,2609111764742752
3,70.00,2609110436677236,【独家高端】26季L*Trainer新款配色运动鞋！5款集合🔴   支持扫码进官网，支持NFC扫,2026-09-19 19:33:47,2609111750338388
4,69.80,2609170599468500,极简意式松弛感天花板✨Pr*da黑色垃圾袋，软糯小羊皮 触感如云朵般软糯丝滑，自重极轻，自然垂坠的褶,2026-09-19 18:55:32,2609171222464675
5,47.00,2609110080569515,不费力的时髦·北欧复古费尔岛套头毛衣  采用100澳洲进口羊毛，双股36支纱线，7针工艺织造而成,2026-09-19 23:49:40,2609111767538169
6,41.94,2609110189219243,CPB套装必囤❗️熬夜垮脸逆袭攻略❗️抗老水乳届的神❗️  【cpb水乳三件套】  正品保证,2026-09-19 20:10:17,2609111753049681
7,39.92,2609100121322469,复古贵气天花板🌸小香山茶花浮雕牛仔裤 两侧口袋采用高温浮雕热压暗纹，纹样巧妙内嵌面料  搭配山,2026-09-19 18:45:25,2609101965754153
8,34.00,2609110100827380,敲黑板推荐❗️真正的轻奢高货❗️意式鼎奢進口雨露亚麻❗️【男士高端老钱风立领飞行员夹克外套】,2026-09-19 23:45:30,2609111767388722
9,32.50,2609180074069384,卧山不争，自有声 今年通勤包黑马，低调有骨，说的就是它 方正包型中藏着柔韧可凹的“山势起伏”,2026-09-19 22:15:01,2609181001472042
10,32.00,2609100270053241,2026秋冬第一波高货❗️ARMANI CASA同款高端【Milan Design 提花四件套】,2026-09-19 20:36:56,2609101970635347
11,31.21,2609080364911594,🔆珠光漫溢，解锁早秋饰品的高雅仪式感 早秋的氛围感，是配饰悄悄给的，是向内生长的温柔，自带的温润底,2026-09-19 23:58:06,2609082032586734
12,31.00,2609180240349258,LPIUTY品牌直发｜26年秋冬第一件皮衣，建议从深咖色开始，比黑色柔和，比焦糖色更有分量。,2026-09-19 21:35:42,2609180978666812
13,30.00,2609180176248854,原厂捡漏✨【比音勒芬翻领拉链轻薄男士夹克外套】上线🔥｜轻弹防水通勤拉链外套  💥原厂订单流出！版,2026-09-19 21:50:06,2609180984982774
14,30.00,2609110494993437,【独家高端】299福利清货🔴   A家联名Campus 80s做旧流苏板鞋  不对称撞色条纹,2026-09-19 22:39:48,2609111763782733
15,30.00,2609110079212335,不费力的时髦•韩式纯棉宽松廓形裤  采用100%纯棉斜纹面料，布面肌理细腻 手感柔糯自带筋骨感,2026-09-19 23:51:47,2609111767601750
16,30.00,2609110045264147,tb泡芙链条包！秦岚同款✨  专柜定价6790，日常活动价也要💰6111  黑金永不过时，出,2026-09-20 00:00:09,2609111767783297
17,29.90,2609150001587956,奢宠你的每一面💋 纪FX限量款明星口红三件套 💰官网一支400+ 真皮压纹+4G logo，拿,2026-09-19 18:49:30,2609151847245566
18,29.90,2609170593934620,🧊拒绝臃肿 居家时光高级感，LP男士磨毛家居睡衣套装，双面磨毛软糯亲肤，全消光纱线自带哑光质感,2026-09-19 18:59:30,2609171222989497
19,29.90,2609100115597614,日系静奢👖LP高腰阔腿休闲裤💰官网¥2000+，强烈推荐给你们这款裤子  高腰小直筒设计 不仅显,2026-09-19 19:05:34,2609101966314143
20,29.90,2609110163869538,𝐃𝐞𝐬*𝐞𝐧𝐭𝐞原单系列｜秋款上新❗型能兼具❗冲锋衣给到夯✔️渠道订单货 去哪里这个价格都买不到,2026-09-19 20:16:29,2609111753545226
21,27.54,2609180265115956,【森林棠秋款第二波上新】超多成人时髦款大童放心入，尺码超足‼️ T恤 | 卫衣 | 抓绒外套 | 套,2026-09-19 21:31:38,2609180976239826
22,26.80,2609110344195204,🔥TN*F童装三合一冲锋衣，小勇士的终极铠甲🌧️ 无惧风雨，硬核防护  ✅ 全压胶外壳，暴雨级防,2026-09-19 19:39:54,2609111750986723
23,25.85,2609110197695271,【棵初】2026AW 秋冬第二波新品  面料亲肤，像被云朵包裹  低饱和色系，高级感拿捏,2026-09-19 23:22:56,2609111766465341
24,25.74,2609180040055506,云尚品牌 ｜高级女装❗️真正的【*禾】【TOT*】代工厂  同款售价4000+💰  团购只要,2026-09-19 22:08:39,2609180997425531
25,25.00,2609110467417708,【独家高端】莞货外贸订单渠道🏆   RL/拉*男装 27秋Estate罗纹棉四分之一拉链套头衫,2026-09-19 19:31:47,2609111750062215
26,24.50,2609180108377106,♥️高颜值保温杯｜Swell经典保温瓶/食品罐 🇺🇸美国潮牌保温杯🌟杯子控福利！好看更好用！,2026-09-19 18:30:52,2609180882563256
27,24.00,2609110416077256,【限时72小时】独家重磅‼️🐦家X松赞联名款软壳沖锋衣 以纳木措圣湖为灵感 传递自然和谐之美,2026-09-19 22:43:52,2609111764093630
28,23.00,2609110111765677,早秋穿搭别再乱买了！  踩过无数坑才懂，好看≠实穿  版型拉胯、面料廉价、穿一季就闲置,2026-09-19 23:41:20,2609111767243216
29,21.96,2609180114723489,手机手表同时充！图拉斯【多合一系列】大眼仔充电器👀萌趣圆形外观，小巧简洁🥰 ◉ 团品一｜新款三合一,2026-09-19 18:28:53,2609180882278481
30,20.00,2609170486953247,可隆原单户外休闲鞋✨薄底设计，告别传统户外鞋笨重硬邦邦！ 多色可选：黑白简约、甜酷粉调、沉稳棕黑，,2026-09-17 21:59:36,2609170520432983
31,20.00,2609170091583807,正品授权‼️李现同款出圈越野跑鞋🔥HOKA 🏔️玛法特 2 复古越野跑鞋  🔥厚底复古越野风出圈,2026-09-18 22:28:36,2609171038663695
32,20.00,2609180454845015,敏感肌都能闭眼冲的❗️ 痘印橡皮擦🔴 褪红舒缓优等生【修丽可 色修精华】保湿舒缓丨镇静肌肤丨修红淡印,2026-09-19 17:41:55,2609180868198916
33,20.00,2608110218452528,口咽黏膜维稳❗️舒缓红肿炎症，改善溃疡肿痛❗️  【日本🇯🇵Azunol ST口腔溃疡 咽炎片】,2026-09-19 20:41:02,2608112419065867
34,20.00,2609180368791472,南通代购❗️最新花色❗️ 100%纯棉❗️  【会呼吸的无印风格四件套】  🔺色织工艺，是直,2026-09-19 21:03:55,2609180958167449
35,20.00,2609180161203146,不费力的时髦·轻薄宽松分割长袖T  采用100%全棉面料，质地轻薄通透，透气不闷汗，触感柔软亲肤,2026-09-19 21:56:18,2609180988364165
36,20.00,2609180157942123,不费力的时髦•墨镜狗亲肤长袖T  采用莱赛尔混纺羊毛纱线，中和羊毛刺痒，贴肤裸穿舒适，轻薄同时拥,2026-09-19 21:58:19,2609180989993580
37,19.90,2609170586903473,🖤秋冬本命｜把腿穿成高级直线，LAP竖条纹瘦腿打底袜，一盒两条装 官网145刀  不是勒到喘的强,2026-09-19 18:53:28,2609171222056300
38,19.90,2609170595087122,JT把浪漫揉进贴身衣物里❤️LP法式蕾丝美背&本命年红内，高定镂空蕾丝软糯细腻 一眼心动  深V,2026-09-19 18:57:31,2609171222765647
39,19.70,2609110297488460,🇦🇺澳洲进口RUFI香氛身体油霜，把面部抗老用在身上✨ 区别普通身体乳：比身体乳更润、比纯油更清爽,2026-09-19 23:08:28,2609111765518692
40,19.00,2609180048359595,高端货❗新中式高级感❗【礼挚高端定制品牌】  【香云纱裂纹西装外套】  线上同款💰600+,2026-09-19 18:32:59,2609180882873600
41,18.00,2609150001476962,✨范冰冰推荐高端贵妇品牌🧴POLA 防脱洗护系列礼盒  洗发水采用紫花风铃树提取精华 富含多种,2026-09-19 18:47:30,2609151847083775
42,18.00,2609180193254720,最后一批布料秒杀MOMOTIBAIN✅黄金7天爆款，早秋高端粉必收‼️贵气 老钱‼️有质检报告的桑蚕,2026-09-19 21:41:52,2609180981339872
43,17.95,2609180306513515,9/20  19:30⏰云尚品牌 ｜高级女装  可与专柜对比❗️无区别❗️  【THE R*,2026-09-19 21:16:36,2609180964748722
44,17.01,2609110180426866,𝐇𝐞𝐅𝐚𝐧𝐠系列 新款上新 ｜  独家定制❗轻奢小众设计师珠宝 上一批团热卖万单  本期新品上新 热,2026-09-19 23:27:03,2609111766703895
45,17.00,2609180193974554,🔥北面立领轻薄防风夹克｜早秋百搭神款💥  一件兼顾防风+防晒🥳春秋单穿，夏天防晒，初冬叠穿！,2026-09-18 22:42:23,2609180519475889
46,17.00,2609110497573214,早秋第一件亚麻衬衫！老钱味太浓了【意式焦糖棕100%亚麻正肩衬衫】喜欢高质感的姐妹一定不要错过！,2026-09-19 22:37:38,2609111763621592
47,17.00,2609110278302221,26年Zui新品 5000现货库存！卖完涨价‼️ 无缝一体100%羊毛衫品牌专柜高货捡漏‼️,2026-09-19 23:12:30,2609111765824925
48,17.00,2609110180563034,Need U轻奢小复古丝绒直筒丝绒裤 “会按摩的丝绒裤”  美Yang同源同厂，美Yang售价,2026-09-19 23:24:57,2609111766662282
49,15.96,2609090260178824,37款大全🔥品牌直发【MALOVE MZ王妃鞋2026秋季新品+热卖款】  👑英国王妃、全球明星,2026-09-19 22:58:22,2609092003272238
50,15.90,2609110092518603,【千喻 多功能电蒸锅】--全0涂层不锈钢|30秒极速出汽|上蒸下煮更高效❤️从工作日快手三餐、宝宝辅,2026-09-19 20:02:09,2609111752405303
51,15.00,2609180045088814,正品团‼️一盒一码可溯源  【香奈儿邂逅香氛护手霜三件套】 ⚠️100%授权正品 链路齐全,2026-09-19 19:11:33,2609180894856109
52,15.00,2609180011722590,独家重磅💥纽*亦华情侣款圆领卫衣  表层立体珠地肌理，透气干爽，不粘身 内里细腻精梳毛圈，软糯,2026-09-19 19:29:43,2609180903251841
53,15.00,2609110225682109,🔥秋季新品首发🍂官旗在售 对标专柜针织套装质感‼️原价¥583｜私域限时特惠💰199  【牛角,2026-09-19 23:20:38,2609111766275991
54,14.90,2609170293763507,🔆秋冬不能没有的混彩&渐变珍珠项链‼️大溪地/真多麻/铂金灰/莫兰迪彩……这几个颜色直接把秋冬穿搭氛,2026-09-19 22:21:23,2609171266302489
55,14.85,2609170572578677,秋冬魔法腰带 ICIC*LE之禾｜从不附属·只做主角💰官网¥1000+  一条好的腰带从不是衣物,2026-09-19 19:01:31,2609171223246802
56,14.00,2609110327982285,𝗟𝘂羊绒蛋白瑜伽保暖套装✨  升级爆款小立领 上身显瘦10斤❗️❗️  立体剪裁精准收腰+拇,2026-09-19 19:41:53,2609111751077684
57,13.93,2609180132162712,【夸迪山茶花双仓水油面膜】秋季福利价💰199到手 30片❗️修护敏肌的一把好手！水油同补！  水,2026-09-19 18:26:50,2609180881816071
58,12.60,2609180290824925,3C认证可上飞机✈️ 闪极充电宝——我的中秋国庆必备搭子  入选《时代》杂志2025年度最佳发,2026-09-19 21:22:58,2609180969915502
59,12.00,2609160186079867,9-20，20:00⏰t** row 代工厂出品❗️ 版型超正❗️明星肯豆/朴彩英同款❗️脚感真的绝,2026-09-19 21:25:03,2609161629718366
60,11.94,2609160067016863,中秋特惠❗️专为老人脚型设计 ❗️长辈都说好穿❗️旅游、散步、运动，久走不累！  【足力健老人鞋,2026-09-19 22:04:30,2609161635339723
61,11.12,2609170569871129,🍂一套解锁秋冬内搭美学·克什米尔羊绒保暖打底衫系列💰官网¥500+  圆领+高领+打底裤全都安排,2026-09-19 18:51:30,2609171221708411
62,11.00,2609180486249954,终于抢到这颗火到断货的“绝美蓝桧蛋”💙清冷松弛感拉满  淡淡的极简蓝，壳上刻着立体的小海龟浮雕，,2026-09-19 20:51:24,2609180947425338
63,11.00,2609110375779590,拿捏英伦范～  【法式复古巴洛克小皮鞋】  镂空雕花｜菱格系带｜贵气不张扬  ✅软面细腻,2026-09-19 22:41:51,2609111763953483
64,10.00,2609110023995733,回购率200% 痘痘星人救星❗️ 日本家户必备✔️   专业人员推荐❗️ 临床验证✔️  小,2026-09-19 20:38:59,2609111755701445
65,10.00,2609180234103491,独家福利❗️限时秒杀！ ⚠️ 笑Han阁/大xi同款！淘宝热卖5000+件！【无缝一体菠萝纹针织衫,2026-09-19 21:37:45,2609180979393625
66,10.00,2609180229195583,换季上新❗️亚朵同款❗️ 居家睡眠升级｜睡感黑科技  【深睡控温被四季Pro2.0】 盖上就,2026-09-19 21:29:10,2609180974918478
67,10.00,2609110229698952,独家纽扣款四件套‼️  秋冬新款❗️法式复古纽扣款高端亚麻棉麻四件套⚠️130g高克重❗️整套净,2026-09-19 23:00:26,2609111764898214
68,10.00,2609110033007570,上海衡山路百年品牌—礼挚❗️中式老钱风❗️礼盒发货🎁  【非遗香云纱圆领长袖上衣】  某宝💰,2026-09-19 23:31:09,2609111766862078
69,9.95,2609180155959260,2026新色🈶独家❗韩国限定色系❗  复古氛围感拉满❗男女同款❗秋冬必穿系列❗  【拉夫纯棉,2026-09-19 18:08:28,2609180876572433
70,9.73,2609180150102251,羊毛中的“爱马仕”【一年三季都可穿的长期主义】实打实的“慢工出细活”❗️面料➕版型➕做工都是篙端水准,2026-09-19 18:16:28,2609180879294378
71,9.60,2609110060171622,巨好穿的宝藏阔腿裤❗【格纹裙帘腰带莱赛尔棉垂感休闲弯刀阔腿裤】  ✅可拆卸格纹飘带是灵魂，自带复,2026-09-19 20:32:53,2609111755261313
72,9.50,2609180377646726,品牌授权｜【欧舒丹香氛润唇膏三件套】 官网95元/支，我们129到手3支‼️赵露思代言‼️  以,2026-09-19 21:05:58,2609180959213961
73,9.44,2609180033843411,"先到先得""visionary journeys""主题曼谷展览帆布包，驴家史上最便宜的包，必须冲！",2026-09-19 19:17:34,2609180897436308
74,9.00,2609170145864014,一册故宫岁序新，万般风雅入此本‼️  丁未羊年丨【故宫日历·2027年】盖章版抢先预定！🐑全网独,2026-09-19 19:03:32,2609171223615705
75,9.00,2609110191645496,🌱 春秋必备❗️男女同款宝藏神裤❗️KL两棵树束脚卫裤，薄厚适中不闷汗，衣柜里的百搭之王‼️,2026-09-19 20:08:14,2609111752886978
76,9.00,2609110006163390,厨房备菜神器❗️帝摩斯多功能料理机❗️仅149💰抢购❗️无线便携+食品级玻璃内胆❗️三秒极速绞肉❗️,2026-09-19 20:43:11,2609111756172654
77,9.00,2609180366645892,独家重磅‼️拉夫羊毛混纺绞花中筒袜  专柜定制羊毛混纺面料｜软糯抗起球  柔软亲肤，吸汗透气，,2026-09-19 21:08:09,2609180960301817
78,8.90,2609180262009476,【中秋福利专场】品牌直发‼️22年老牌国货泰和源！乐福鞋/运动鞋/健步鞋/长辈鞋‼️自留穿、送爸妈长,2026-09-19 21:01:45,2609180956208112
79,8.50,2609180273349366,"9-20，19:00⏰礼挚高端定制品牌❗寓意福禄纳吉❗  【真丝""宝葫芦""新中式上衣】  线",2026-09-19 21:27:05,2609180973866963
80,8.50,2609180044167104,美国高端品牌❗出口外贸品质❗  【WOODSVVOOL丛绒 男士翻领卫衣/卫裤】  零售价💰,2026-09-19 22:02:25,2609180993028417
81,8.34,2609180071698702,高端牛货❗最好穿的裤子，没有之一❗  【F家户外梭织机能软壳裤】  官网在售689，跟团只要,2026-09-19 18:43:19,2609180886431500
82,8.30,2609160497706166,被问爆链接的山系冲锋衣‼️百元穿出千元高级感【迪*特同款冲锋衣】防风防水防污三防黑科技！暴雨不湿身，,2026-09-19 21:10:12,2609161627738328
83,8.00,2609180178585820,出游🉐外贸大厂出品❗️【鸟家男士速干长裤Y072203】人手两条以上是必须的❗️同品质在售三位数❗️,2026-09-19 21:48:04,2609180984186696
84,8.00,2609180371655208,戳中心巴💘好韩好韩【野珻甜甜圈美式条纹外套】深灰底+棕红条纹🩶复古又显白，不挑皮还显气质！整身重工对,2026-09-19 17:46:01,2609180869492344
85,8.00,2609180423074487,一年只一版❗️代购加价220才能买到❗️  『2027故宫日历手工盖章版』  全网独家61枚印,2026-09-19 20:55:29,2609180949825712
86,8.00,2609110359593470,居家刚需❗️ 新品爆款❗️松弛感棉软家居服⚠️莫代尔+优质棉混纺❗️专柜同源💢  🔺丝滑软糯亲,2026-09-19 22:54:01,2609111764607693
87,8.00,2609110260531308,韩系亨利领竹节棉长袖T｜早秋本命内搭✨  谁懂这件！半开扣小V领太会修饰脖颈线条，恰到好处微露锁,2026-09-19 23:16:36,2609111766019309
88,7.63,2609180151952546,今年真的很流行蒲萄紫💜【“黑马”外套销量t/op*1】网红店销量3W➕！长期给网红大店做订单的工厂出,2026-09-19 18:14:28,2609180878852376
89,7.50,2609180023454508,来吧❗【𝐇*𝐅𝐚𝐧𝐠何芳六款经典爆款系列】 陈都灵/钟楚曦/田曦薇等半个娱乐圈明星同款 日常通勤氛,2026-09-19 19:25:41,2609180900929521
90,7.30,2609170470086749,🔥早秋温差救星｜可盐可甜✨  正品【Little Ben小本士】新疆棉半拉链撞色卫衣，早秋换季刚,2026-09-17 22:02:39,2609170522962264
91,7.30,2609170465742924,🍂早秋炸街｜【正品小本士 little ben】儿童三防冲锋衣✨出门回头率爆表！  换季刚需硬核,2026-09-17 22:05:37,2609170525339282
92,7.00,2609180389341877,⚠仅此一批【软糯的100%绵羊毛➕性感的蕾丝+亮片】🤍穿出女人味儿！襡家水溶蕾丝花型结构，琎口机器重,2026-09-19 17:43:53,2609180868934831
93,7.00,2609180064058731,现货❗️29.9秒杀❗️ 德绒吊牌！莱卡认证！清库存，有2w件  【Cerotich德绒保暖文胸,2026-09-19 17:50:06,2609180870394750
94,7.00,2609170168245302,戳中心巴💘好韩好韩！【野梅甜甜圈美式条纹卫衣外套】深灰底+棕红条纹，复古又显白，不挑皮还显气质！,2026-09-19 20:59:38,2609171245759642
95,7.00,2609180001835709,告别黄糙手·RUFI美白精华护手霜 有国家药监局美白特征🏆搭配紧致抗皱实测效果，把手部护理SPA随,2026-09-19 22:31:27,2609181010997159
96,7.00,2609110034585185,美国轻奢品牌❗️ 北美出口跟单❗️ 美式松弛感十足  【Al*o针织阔腿瑜伽休闲裤】  专柜,2026-09-19 23:33:10,2609111766957934
97,7.00,2609110036667291,LBLUCK原创设计师款|艺术家联名真丝丝巾+发圈限定上线  🎁购买丝巾送一束玫瑰花｜丝巾予你，,2026-09-20 00:02:09,2609111767897539
98,6.90,2609110181209796,【宅小甜生态棉阔腿裤】  换季神裤！专治“不知道穿什么”🌝 ✅ 显瘦作弊器：高腰拖地阔腿，腿粗,2026-09-19 20:12:21,2609111753175621
99,6.90,2609110016953855,升级版面料  麦*檬实体店💰¥598订单货⚠️纯正老钱风丨高端神裤｜100%纯棉面料  质感,2026-09-19 23:06:28,2609111765367371
100,6.50,2609180185534932,Hello Kitty刺绣棒球服+复古阔腿牛仔裤｜秋季女童套装✨ 重工KT刺绣棒球服➕复古磨破阔腿,2026-09-19 21:43:56,2609180982298042
101,6.23,2609180151976314,秋天的不二选择🤍【白衬衫➕蕾丝花边的杀伤力】真的JUE！纯欲忝花板!!上身韩韩小女人既视感！领口蕾丝,2026-09-19 18:12:25,2609180877917075
102,6.23,2609110256247241,26年度关键词“屁帘裤”🐮棃型蕞爱！小肚楠/妈妈臀全遮【假两件屁帘微喇小黑裤】显瘦筷子腿！屁帘宽度经,2026-09-19 19:48:02,2609111751503156
103,6.23,2609110253753087,意式订单🫎T同款面料【素人也能穿出杂志感的开衫】意大利稀缺原厂羊毛混纱⚠️没有渠道根本拿不到❗️光是,2026-09-19 19:50:04,2609111751638766
104,6.00,2609180181315520,【英氏纯棉内衣套装】  89/99💰 22项0致敏+双A贴肤标配+100%棉+10A级长效抗菌，,2026-09-19 21:45:55,2609180983038165
105,6.00,2609180075221101,全私域首发❗️0.1折抢大牌同款❗️  秋冬救命级刚需【CC粉底衣套装】别人穿保暖衣显胖扎肉还干,2026-09-19 21:20:48,2609180968003765
106,6.00,2609100052325428,Jeep旗下品牌❗️破价秒杀❗️美式户外风格❗️  【JEEP SPIRIT 圆领长袖T恤】,2026-09-19 22:06:37,2609101976394410
107,5.90,2609160289053148,出口意大利床品的天花板【优睡眠】四件套的高级美感拉满！颜值也完全长在我的审美上！贵族定制专属睡眠美学,2026-09-19 22:19:13,2609161637852783
108,5.60,2609110077098845,校服内搭神器❗【儿童花纱针织一体绒外套】🧥春秋单穿，冬天当内胆❗一件承包多季穿搭，实穿度拉满💯,2026-09-19 23:53:54,2609111767696613
109,5.50,2609180047363199,9/20-8:30⏰裸睡级❗️ 追求柔软和舒适的品牌❗️  【KEMU 壳木绒绒家居服翻领套装】,2026-09-19 17:54:08,2609180871383920
110,5.40,2609170234838547,精致生活，始于一杯温润好茶🍵BANAPRO钛晶保温壶套装！以高端钛艺重塑饮水质感🌫️手工冰纹肌理自带,2026-09-19 20:57:36,2609171245071631
111,5.34,2609180143208039,‼️不一样的西装裤！不刻板、不严肃，自带松弛的设计感“抽腰成褶”西装裤！  ⚠️腰身抽褶设计，可,2026-09-19 18:22:41,2609180880774970
112,5.30,2609100099796131,非遗彩金三经绞罗🔥解锁东方温柔显贵感❗️【金属扣提花七分袖小衫】🌷感受东方美学之美🏮新中式松弛氛围感,2026-09-19 23:37:15,2609101982231860
113,5.20,2609110156126437,现货❗️LU家原版定制❗️专为亚洲女生量身打造❗️不用P图 穿上自动显瘦10斤❗️显高显瘦一步到位【,2026-09-19 20:18:27,2609111753805347
114,5.10,2609110090216636,❣️早秋活动🌟Blackwood超级食物-营养充电站👉带你缓解整个夏天的疲乏，让好状态稳稳渡到秋冬,2026-09-19 23:14:36,2609111765933772
115,5.07,2609180229703764,央妈推荐🔝双节出行必备❗️ 限量秒杀送💰59礼包❗️❗️ 【绒呼吸一次性内裤&浴巾&洗脸巾大合集,2026-09-18 22:25:28,2609180504781868
116,5.03,2609140327281222,中秋送好礼❗【面包新语雪媚娘红豆沙蛋黄酥礼盒】蛋黄酥届的天花板  39.9💰秒20枚礼盒装❗,2026-09-18 23:31:34,2609141797589636
117,5.00,2609180175638669,临期疯清❗限时拍1送1❗2瓶59❗ 官旗329/瓶❗比贵妇面霜还顶❗协合Y疗·院线【欣可颜胶原蛋白,2026-09-19 18:02:24,2609180874189194
118,5.00,2609180057868664,👍7A抗菌太空棉‼️撞色哈苏线设计‼️  安德玛撞色系太空棉长袖卫衣  升级智能太空棉，7A,2026-09-19 19:07:37,2609180893016920
119,5.00,2609110402997155,【isabelle marran亚麻卷边长袖针织防晒罩衫】  一键美白❗️克莱茵蓝瞬间点亮整个气,2026-09-19 19:35:52,2609111750553823
120,5.00,2609110292191747,爆款饭盒包升级款✅【小众设计师尼龙法棍包包👜】  ✔️定制尼龙防水防污，触感细腻高级 ✔️耐磨,2026-09-19 19:43:55,2609111751222281
121,5.00,2609170121916965,🟤【薄荷生巧假两件细麻花针织衫】蜜棕+松绿的配色，怎么会这么好看  ✅非常显白自带滤镜，谁穿谁白,2026-09-19 22:12:57,2609171263911465
122,5.00,2609180057312866,纯原❗️宋妍霏 胡可同款LAZY CIRCLE* 红运松果黑碧玺项链女开运毛衣链 ！纯原工厂出品～,2026-09-19 22:17:08,2609181002978838
123,5.00,2609090100167050,正宗韩国订单🎹穿出老钱拉夫感！【徽章印花V翻领卫衣】  🔻不同于普通领口⚠版型改了三次！特调开版,2026-09-19 22:52:00,2609092002913303
124,5.00,2609110022326072,‼️GAP家的亲子外套来啦🔥经典款直接封神！ 简约刺绣+软糯面料，六色可选承包全家秋日穿搭🍂,2026-09-20 00:04:10,2609111767937002
125,4.95,2609110247611236,🧨送礼高端！法国进口干红礼盒！指导价💰1688元！开团💰99元！  🔺【2支法国进口鎏金飞马干红,2026-09-19 19:58:04,2609111752169410
126,4.90,2609170227947020,面料控必入❗️【莱赛尔天丝醋酸羊毛木耳边长袖T恤】修身显瘦，通穿春夏秋三季，日常百搭不挑人🌸,2026-09-19 19:15:33,2609171225162295
127,4.90,2609110394887608,【isabelle marran两层睫毛蕾丝拼接T恤】  叠穿超仙，将韩系温柔氛围感拉满！V领蕾,2026-09-19 19:37:53,2609111750791836
128,4.83,2609180153569281,长期主义🔥一直穿到来年3月【一件穿出叠穿效果】外面是半开条纹亨利，里面'假'了一件小撞色在领口露出来,2026-09-19 18:10:27,2609180877019796
129,4.83,2609110253743197,亚马逊尾货🔥襡家【美式复古撞色花纱条纹T】稀缺面料⚠️仅此一批❗意大利老牌纤维原生混纺❗18针进口大,2026-09-19 19:52:01,2609111751713827
130,4.83,2609110252052122,雾灰调的蓝色很安静📫【亨利翻领扣内搭TEE】黄黑皮权威认证⚠️自带显白反光板🩵清冷高智感直接拉满！毛,2026-09-19 19:54:04,2609111751828627
131,4.83,2609110252043501,韩国订单⚠和市面条纹不一样!!【鲨鱼锯齿撞色条纹长袖T】条纹锯齿条纹工艺⚠️针织大圆机集圈组织➕不同,2026-09-19 19:56:02,2609111751988872
132,4.79,2609110267939366,🔥卸妆界的橡皮檫❗️2瓶仅💰79.9 ❗️【摇滚动物园】🥑牛油果晚安卸妆膏‼️敏感肌能用的卸妆膏终于,2026-09-19 19:46:02,2609111751366314
133,4.73,2609110249067219,户外亲子款💕【儿童0感网眼速干长袖T】轻量高货户外上衣！像云朵一样软，像微风一样轻  0️⃣感网,2026-09-19 22:47:59,2609111764239879
134,4.50,2609180296747047,双节补贴❗99.9到手5箱【圣牧有机自然慢养3.6g蛋白高钙mini纯牛奶】  到手40包有机纯,2026-09-18 22:34:47,2609180511863239
135,4.50,2609180468509720,❗️79到手4瓶➕赠刮痧板❗️  保加利亚百年品牌🏆以油养肤，享受院级精油芳疗❗  【OLO,2026-09-19 20:53:28,2609180948349005
136,4.40,2609160061602591,英国🇬🇧皇室的百年品牌⚠️全球门店5000家🔥凯特王妃推荐👍【Slazenger×史莱辛格】经典款舒,2026-09-19 22:25:26,2609161638746406
137,4.14,2609180102242012,清仓❗原价200+➡️清仓💰69秒❗仅300个❗  【苏幕拉正品双肩包】  ✅简约百搭休闲实,2026-09-19 18:37:03,2609180884652141
138,4.14,2609110077069740,秋日上新❗️【sandy.lady 三色山系德训】山系女孩本命鞋｜这双德训软弹到不想脱👍🏻鞋底柔韧可,2026-09-19 20:24:32,2609111754533179
139,4.13,2609110032589129,法式柔絮｜蕾丝与柔润面料碰撞，氛围感与舒适感兼得。Cerotich 莱赛尔棉法式蕾丝碎花软支撑内衣！,2026-09-19 20:34:55,2609111755457017
140,4.02,2609180042206008,🔆慵懒毛衣的神🔥条纹就是经典💯分🔥露思私服同款【AMTN🇰🇷羊毛🐑慵懒长袖条纹T】☀️☀️☀️1:1,2026-09-19 18:39:08,2609180885131002
141,4.00,2609180074802313,🍂初秋神裤来啦✨【正品VIVI高腰抗皱阔腿卫裤】太绝啦💥,2026-09-18 23:19:10,2609180547771841
142,4.00,2609180203801089,🚨断货王补货❗️新色又双叒叕来了！出口转内销意大利轻奢Sommeill单肩包  ✨捡漏收藏级设计,2026-09-19 18:04:23,2609180874796611
143,4.00,2609180042425962,🇦🇺澳洲RUFI滚珠香水！轻抹自带伪体香～12h长效留香✨  🏆瑞士奇华顿联合国际调香大师创香，,2026-09-19 19:13:32,2609180895472901
144,4.00,2609180001457049,仅49.9❗️p*ta松紧速干渔夫帽  原厂出品，正版面料和帽形 内里全包边织带， 内置防滑,2026-09-19 22:33:27,2609181011643090
145,4.00,2609090284228474,✨鞠婧祎同款 【KEERMELL珍珠叙梦法式发饰礼盒五件套】把一捧温柔月光，收藏进整套珍珠发饰里🌙,2026-09-19 22:45:54,2609092002662459
146,3.96,2609110150098410,🇺🇸美国Krramel沐浴美学，🛁SPA级别沐浴体验，极速带走你潮湿与烦恼💦  📣搓澡手套/干发,2026-09-19 23:35:17,2609111767042227
147,3.90,2609180322199007,紧急上架｜出口日本尾单几百条 清完下架❗️  版型巨好 直接看上身实拍  来不及给大家找更多,2026-09-19 21:12:19,2609180962287191
148,3.84,2609180091061845,🛋️玄关卧室必备！进门随手挂的松弛感~  【MAYNOS榉木立式挂衣架】 超值开团💰59.9元❗,2026-09-18 23:09:59,2609180543153158
149,3.69,2609110301242916,中秋氛围感❗️ 亲子刚需❗️ 中秋新款❗️国风花灯DIY材料包⚠️半成品免备工具❗️多场景可用💢,2026-09-19 23:04:28,2609111765185305
150,3.50,2609140291193016,首日49.9/2条🔥4.0版【梅因斯MEINS塑形黑绷带收腹裤】银泰新店专柜新品  秋冬穿搭显瘦,2026-09-19 18:00:20,2609141859822658
151,3.50,2609180045587360,【鞠婧祎、沈梦辰、董洁】都在用的RUFI香氛沐浴露，体香氛围感直接拉满✨  🌸两款热门香型 【,2026-09-19 22:23:22,2609181005995693
152,3.00,2609050450697672,9/20-9:00⏰A类品质❗️线下门店在售❗青岛出口大厂出品❗️  【Vonbonkids 山,2026-09-19 21:18:41,2609051518952488
153,3.00,2609180172892381,李沁同款❤️【al家经典刺绣鸭舌帽】💙大头友好Alo鸭舌帽！增高颅顶  手慢无‼️福利清仓‼️高,2026-09-19 21:54:10,2609180987527490
154,3.00,2609180174173664,独家‼️中秋国庆双节补贴‼️99.9元买5箱【圣牧有机自然慢养3.6g蛋白高钙mini纯牛奶】到手4,2026-09-18 22:54:46,2609180530542803
155,3.00,2609180130725013,🛋️玄关卧室必备！进门随手挂的松弛感~  【MAYNOS榉木立式挂衣架】  超值开团只需💰59.,2026-09-18 23:00:53,2609180536359078
156,3.00,2609180125549784,🇬🇧英国进口🌈外套干洗原液套装✨干洗去污黑科技，首创原液直出1️⃣套过冬，适用羽绒服、冲锋衣等冬季外,2026-09-18 23:03:58,2609180539513048
157,3.00,2609180127082849,爆款复团❗️ 上万件复团王❗️  【美雅碧羊毛蛋白精华打底衫】💢三菱美雅碧面料，软糯恒温不臃肿,2026-09-19 18:18:29,2609180879825117
158,3.00,2609110071682525,是软乎乎的蛋糕❗32.9元抢12支一大盒❗【越南进口奥利奥Soft Cake巧克力软蛋糕12支】裹着,2026-09-19 20:26:39,2609111754749252
159,3.00,2609180254509035,藏在裤脚的小心机‼️ 复古英伦格纹+麦穗提花，点缀脚踝细节 基础款穿搭也能秒变氛围感，告别单调‼,2026-09-19 21:14:27,2609180963504710
160,3.00,2609080183343367,包帅的裤型❗️【YEWAI也外·轻机能风男士弯刀裤】弯刀利落的廓形，显瘦显高谁穿谁知道！上身只有裤型,2026-09-19 22:35:34,2609082030247189
161,3.00,2609010641105756,限时秒杀39.9❗️韩国订单，秒变纸片人 【Therow极简风五分袖T恤】高级本命打底，随手搭都穿出,2026-09-19 23:56:00,2609012254916293
162,2.99,2609180028275011,捡漏清仓✨Spes诗裴丝玻尿酸水润柔顺发膜280ml  干枯沙发专属护发好物，柔顺效果肉眼可见线,2026-09-19 19:19:38,2609180898341560
163,2.99,2609110128134097,临期清仓❗澳大利亚原装进口❗药房热销款❗防脱育发的“发量王者”❗    【EZZ基因生发护发喷雾,2026-09-19 20:20:34,2609111753993266
164,2.90,2609180243616459,买2送2‼️29.9元💰 【日本🇯🇵三井尿素护手霜】 护手霜届的爱马仕‼️漫画手生成记！,2026-09-19 17:58:15,2609180872656695
165,2.90,2609170239883874,【甜淳💥2026早秋miu系乐福鞋】真漆皮亮面！线下同源品质✨专柜大几百❌咱们开团仅59.9💰早秋穿,2026-09-19 22:29:24,2609171268523032
166,2.80,2609180232356444,🔥撞色三重浪漫【💙花手鞠绣球🧡火灵鸟玫瑰💛绿心向日葵】✨一扎集齐温柔与热烈  蓝的静谧💙橙的热烈,2026-09-19 21:39:45,2609180980306386
167,2.80,2609100101758351,古希腊掌管厕所的神！！！🚽马桶救星来啦！花王马桶清洁剂500ml，免擦洗超省心！  🧼 免擦洗黑,2026-09-19 22:49:59,2609101979579069
168,2.70,2609110090867883,秋冬叠穿王炸💥显瘦10斤🔥初秋必入百搭神器【显瘦V领针织马甲背心】一起get✔️温暖又百搭❗️秋日穿,2026-09-19 23:18:34,2609111766138527
169,2.50,2609130083084566,8色上新💥早秋运动刚需！【奈奈的猫·瑜伽速干衣2.0】老粉必入回购款❗暴汗不贴肉，5秒速干❗,2026-09-19 21:52:04,2609131243768275
170,2.49,2609110213777091,【vonbonkids童装26秋冬第一波】  ⛰️把山野穿身上！机能风+户外感，穿上直接变身山系,2026-09-19 18:35:00,2609111746647932
171,2.40,2609180025553251,💥高级感拉满了！🤎丹麦E*🇩🇰依*达｜小众梳子造型醋酸边夹防滑设计感鹤嘴夹~轻松打造慵懒韩系女主感,2026-09-19 19:23:41,2609180899749623
172,2.40,2609110093088939,重磅主推⏰ 巴巴爸爸正版周抛抹布 旗舰店销量11万+  售价69.9 本团福利只要💰39.9包邮,2026-09-19 20:22:33,2609111754142122
173,2.40,2609180099369420,现代人必备的减压神器❗️用记录开启人生新版图，经典草莓小偷图案笔记本，典藏你宝贵的每一天！自用送人很,2026-09-19 22:10:49,2609180999265794
174,2.40,2608240175839536,100%棉羊毛❗️只要💰39.9正品授权❗️【英国Lechuu双层棉羊毛马甲】男女同穿，主打轻、暖概,2026-09-19 23:02:25,2608242213482344
175,2.40,2609110286573147,🌿胡桃色蜗牛杯垫｜高级感收纳神器 最近被这款蜗牛杯垫种草了‼️   黑胡桃色的质感特别高级，摆在,2026-09-19 23:10:26,2609111765691045
176,2.39,2609180046999115,早秋福利❗️秋冬美拉德本命鞋❗️时光德训鞋❗️特价39.9💰秒杀❗️绒面质感❗️复古撞色拼接❗️上脚,2026-09-19 19:09:35,2609180894006360
177,2.11,2609180087183190,3瓶/39.9❗❗超实惠大容量500ml  梅雨季墙面发霉😩？洗衣机胶圈发霉😩？  告别潮湿,2026-09-18 23:13:08,2609180545053088
178,2.10,2609160294189577,挖到宝‼️独家冰绿窑变配色不撞款‼️出口欧美CHARLE* MILLEN 餐具【9英寸冰绿窑变深盘】,2026-09-19 18:41:12,2609161609672218
179,2.00,2609180360504677,【白倍极茶具清洁洗涤颗粒】  💰22.9元到手2盒30包！  ✅不添加人工香精/氯、氟、荧光,2026-09-18 22:22:19,2609180501407790
180,2.00,2609180042598044,🔆净狮预洗型衣物油渍克星，白衣服吃火锅救星！吃油溅斑有救了😭  ☘约60%溶剂+40%表活，双保,2026-09-18 23:28:28,2609180552779261
181,2.00,2609180343564685,低至💰39.9买专柜品质❗️【红豆·儿童秋衣秋裤套装】A类一等品❗️宝宝入秋必备❗️上身软糯到舍不得,2026-09-19 20:49:18,2609180946368248
182,2.00,2609180301214546,✨娃的秋日刚需｜Gap圆领儿童卫衣 谁懂啊！给娃买卫衣，圆领真的是yyds👍 不会像高领那样卡脖,2026-09-19 17:52:08,2609180870812426
183,2.00,2609180184749524,胖D来在售英国品牌，秋冬刚需❗️❗️39.9到手一大罐Cathkidston雨后清晨香氛身体牛油膏,2026-09-19 18:06:26,2609180875777445
184,1.90,2609110198027286,【UM鱼骨线羊毛打底衫】  💰29.9，内搭单穿都封神，两侧鱼骨线设计，简约不简单❗️视觉收窄身,2026-09-19 20:06:10,2609111752756565
185,1.80,2609180144005431,假期出游必备❗️29.9秒杀整整7件💰【SOOKIE旅行收纳七件套】不同规格收纳袋，衣服、内衣、鞋子,2026-09-19 18:20:35,2609180880333758
186,1.71,2609180025601966,稳如泰山❗️💰29.9到手2个❗️5年不坏的top级支架❗️【SOOKIE 猫爪金属平板支架】碳钢材,2026-09-19 19:21:39,2609180898914991
187,1.70,2609180116834260,清仓🌈家家必备🔥29.9💰到手4个❗️【振能印花圆盘4件套】源头厂家直发！  ✅整个盘为304不,2026-09-19 18:24:47,2609180881323688
188,1.70,2609100587819841,25周年庆福利上新❗️【BreadTalk面包新语】入口湿润绵软，回味甘甜🌿手作温暖，开启元气满满的,2026-09-19 20:45:15,2609101971103303
189,1.50,2609150050884849,8:00⏰ 国庆假期出游必备❗️居家/旅行/出差都适用❗️  【SOOKIE旅行收纳七件套】,2026-09-18 23:06:57,2609151759802375
190,1.50,2609110173865982,🌸一眼心动的花花地垫｜买1送1❗️29.9💰️  【FUJINO 硅藻泥地垫繁花】  ✅️细,2026-09-19 20:14:21,2609111753372476
191,1.50,2609110061877354,暗光补妆救星🪞【康浦 · LED智能光启随身镜】到手低至29.9💰34颗灯珠360°环形补光‼8K显,2026-09-19 20:30:49,2609111755107802
192,1.50,2609160125621033,韩国东大门订单🇰🇷29.9💰4双组合装❗【APMmialin睡眠中筒袜】🌙睡门永存❗️人类提升睡眠高,2026-09-19 20:47:17,2609161623874971
193,1.50,2609130428414064,有棵树盲盒🎁这价格能当日抛❗️ 【有棵树夏季短袜&秋冬中袜盲盒】 29.9/5双❗️39.9/1,2026-09-19 22:00:21,2609131244233767
194,1.50,2609110033934550,Mu&Cu品牌日系新款❗【高级感皮面居家拖鞋】  某宝💰69.9    开团💰29.9  ✅,2026-09-19 23:39:23,2609111767128623
195,1.50,2609110070026458,降温天🧦从好袜子开始【花辞日记连裤袜合集】  ✅️5款高品质连裤袜 市场价69.9元/双，团购,2026-09-19 23:47:36,2609111767482457
196,1.40,2609160501223101,29.9元买一送一‼️到手2️⃣个‼️工厂变现大清仓【316国潮小胖丁杯子】  实物绝美😚💰29,2026-09-19 22:27:26,2609161639194407
197,1.31,2609110201847808,打工人学生自带🍽【贝希维® 多巴胺便携餐具套装】到手低至 19.9💰小巧随身 出行通用 健康环保🔥通,2026-09-19 20:04:09,2609111752631280
198,1.20,2609110067806031,✈️十一出行！一包搞定所有证件！  💰19.9元抢【MAYNOS多功能护照卡包】  📍防盗刷复古,2026-09-19 20:28:45,2609111754896544
199,1.10,2609160297496310,18.9元🉐5双❗️升级加厚防水防油，刷锅刷碗超省心~  【MAYNOS加厚PVC家务手套】,2026-09-19 21:33:40,2609161630927012
200,1.10,2609100101045530,厨房抹布选对，做家务少一半麻烦✨挖到这款ZAQZR·竹纤维清洁抹布真的封神🔥 原料天然竹纤维，自带,2026-09-19 23:29:05,2609101981984921
201,1.10,2609110074986897,家庭刚需好物✨点点橙圆双头多用棉签 家里真的离不开的消耗品！这款多用途棉签太实用啦👏  ✅优质,2026-09-19 23:43:27,2609111767325094
202,1.00,2609150236305419,9/20 7:30⏰早秋氛围感❗️复古提花拼接袜子  【西田の凉子早秋费尔岛中筒袜】  线上,2026-09-19 17:56:12,2609151841238409
203,1.00,2609180017213422,20道菜等你来学❗️19.9💰到手2卷40张❗️加厚款  【菜谱周抛手撕抹布】  🔴学不会不,2026-09-19 19:27:44,2609180901916561
204,0.89,2609110207379541,2双起拍❗亏本跑量❗低至14.95/双❗居家舒服到不想脱❗【软乎乎卡通棉麻拖鞋合集】  告别硬邦,2026-09-19 20:00:05,2609111752296445
205,0.50,2609180081955328,💐【文竹】150# 单盆仅售9.9❗️  四季常绿，经冬不凋，虽无花之艳丽，但胜花之飘逸,2026-09-18 23:16:08,2609180546041867
